,City,Latitude,Longitude,Max Temp,Humidity,Cloudiness,Wind Speed,Country,Date
0,Palmerston,-12.49,130.98,64.4,88,0,2.24,AU,1595536543
1,Kapaa,22.08,-159.32,82.4,74,20,11.41,US,1595536577
2,Avarua,-21.21,-159.78,75.2,94,5,4.7,CK,1595536515
3,Bambous Virieux,-20.34,57.76,66.99,77,75,18.34,MU,1595536577
4,Busselton,-33.65,115.33,43.0,76,0,4.76,AU,1595536578
5,Zaraza,9.35,-65.32,83.95,81,6,3.29,VE,1595536578
6,Bluff,-46.6,168.33,39.0,83,99,3.0,NZ,1595536578
7,Salalah,17.02,54.09,78.8,94,40,8.05,OM,1595536538
8,Punta Arenas,-53.15,-70.92,39.2,80,75,23.04,CL,1595536463
9,Taoudenni,22.68,-3.98,103.51,11,0,4.16,ML,1595536578
10,Elko,41.0,-115.5,91.0,7,59,10.0,US,1595536579
11,Carnarvon,-24.87,113.63,60.8,77,0,13.87,AU,1595536340
12,Chadan,51.28,91.58,55.74,80,37,2.3,RU,1595536579
13,Ushuaia,-54.8,-68.3,41.0,65,75,4.7,AR,1595536579
14,Mantua,45.17,10.78,78.01,78,0,1.99,IT,1595536361
15,Bredasdorp,-34.53,20.04,51.8,93,0,3.36,ZA,1595536579
16,Tuatapere,-46.13,167.68,39.0,83,77,3.0,NZ,1595536526
17,Ampanihy,-24.7,44.75,58.71,69,0,12.86,MG,1595536580
18,Upernavik,72.79,-56.15,46.54,72,67,10.69,GL,1595536353
19,Rio Grande,-32.03,-52.1,75.2,73,100,6.93,BR,1595536556
20,Luderitz,-26.65,15.16,68.0,32,0,3.36,NA,1595536300
21,Yellowknife,62.46,-114.35,60.01,93,90,13.87,CA,1595536557
22,Katsuura,35.13,140.3,73.99,95,98,0.31,JP,1595536580
23,Taltal,-25.4,-70.48,57.34,56,0,5.08,CL,1595536526
24,Port Elizabeth,-33.92,25.57,53.6,76,0,4.7,ZA,1595536304
25,Iskateley,67.68,53.15,64.6,72,1,11.23,RU,1595536580
26,Ahipara,-35.17,173.17,56.95,74,5,10.67,NZ,1595536522
27,Rikitea,-23.12,-134.97,66.97,62,0,16.2,PF,1595536581
28,Isangel,-19.55,169.27,71.6,94,90,15.93,VU,1595536581
29,Comodoro Rivadavia,-45.87,-67.5,41.0,56,0,6.93,AR,1595536320
30,Hot Springs,34.5,-93.06,88.0,74,90,4.65,US,1595536581
31,Manaus,-3.1,-60.02,87.8,66,40,9.17,BR,1595536357
32,Butaritari,3.07,172.79,82.29,79,20,15.52,KI,1595536581
33,Winnemucca,40.97,-117.74,86.0,23,1,8.05,US,1595536404
34,Vaini,-21.2,-175.2,69.8,94,75,6.93,TO,1595536519
35,Punta Cardon,11.66,-70.22,84.11,65,100,26.82,VE,1595536480
36,Ribeira Grande,38.52,-28.7,71.6,68,40,4.7,PT,1595536582
37,New Norfolk,-42.78,147.06,39.99,86,98,2.35,AU,1595536298
38,Vihti,60.42,24.32,53.01,89,99,5.01,FI,1595536582
39,Deputatskiy,69.3,139.9,73.27,40,95,1.25,RU,1595536582
40,Pevek,69.7,170.31,47.43,75,11,10.94,RU,1595536309
41,Souillac,-20.52,57.52,64.4,77,75,18.34,MU,1595536345
42,Tasiilaq,65.61,-37.64,37.4,93,96,9.17,GL,1595536583
43,Karakol,42.49,78.39,59.09,33,54,4.0,KG,1595536583
44,Fare,-16.7,-151.02,78.08,79,7,18.77,PF,1595536583
45,Jamestown,42.1,-79.24,81.0,61,75,8.05,US,1595536293
46,Baykit,61.67,96.37,49.33,90,100,4.21,RU,1595536327
47,Murchison,-41.8,172.33,39.96,84,90,2.53,NZ,1595536583
48,Gwanda,-20.93,29.0,48.06,80,3,7.61,ZW,1595536583
49,Maniitsoq,65.42,-52.9,47.07,88,100,8.23,GL,1595536335
50,Kyaikto,17.3,97.02,79.07,82,81,2.15,MM,1595536584
51,Victoria,22.29,114.16,86.0,79,96,6.98,HK,1595536584
52,Mataura,-46.19,168.86,39.0,83,75,3.0,NZ,1595536584
53,Hovd,48.01,91.64,64.02,56,94,3.22,MN,1595536360
54,Sambava,-14.27,50.17,69.87,75,81,18.37,MG,1595536337
55,Salamanca,40.83,-6.0,87.01,37,0,1.01,ES,1595536584
56,Vao,-22.67,167.48,69.39,80,3,18.52,NC,1595536584
57,Albany,42.6,-73.97,82.99,62,93,5.93,US,1595536585
58,Cape Town,-33.93,18.42,55.99,93,90,2.24,ZA,1595536585
59,Dunedin,-45.87,170.5,42.01,71,66,1.99,NZ,1595536585
60,Buraydah,26.33,43.98,100.4,35,0,17.22,SA,1595536475
61,Grand-Bourg,15.88,-61.31,86.0,62,40,14.99,GP,1595536585
62,Gomel,52.43,30.98,60.8,67,75,6.71,BY,1595536585
63,Kaitangata,-46.28,169.85,39.0,76,91,4.0,NZ,1595536585
64,Jaguey Grande,22.53,-81.13,78.8,94,75,1.12,CU,1595536586
65,Bethel,41.37,-73.41,87.01,66,40,6.93,US,1595536413
66,Abengourou,6.73,-3.5,72.97,90,100,3.22,CI,1595536586
67,Hobart,-42.88,147.33,39.99,80,75,4.7,AU,1595536476
68,Khatanga,71.97,102.5,42.42,90,100,16.64,RU,1595536586
69,Tiksi,71.69,128.87,59.94,81,62,9.4,RU,1595536586
70,Cherskiy,68.75,161.3,66.76,62,5,8.72,RU,1595536297
71,Chuy,-33.7,-53.46,67.35,90,100,5.64,UY,1595536575
72,Saint George,37.1,-113.58,97.0,17,1,8.05,US,1595536357
73,Port Alfred,-33.59,26.89,63.63,43,0,10.02,ZA,1595536587
74,Jacksonville,30.33,-81.66,89.6,78,75,8.05,US,1595536298
75,Faya,18.39,42.45,73.4,83,70,4.7,SA,1595536532
76,Atuona,-9.8,-139.03,78.8,76,2,18.37,PF,1595536520
77,Sao Felix Do Xingu,-6.64,-51.99,84.83,47,91,1.99,BR,1595536587
78,Bandar-E Anzali,37.47,49.46,77.0,83,40,2.71,IR,1595536587
79,Kasongo-Lunda,-6.47,16.82,74.66,29,0,1.52,CD,1595536587
80,Shagonar,51.53,92.8,59.05,74,79,0.81,RU,1595536588
81,Puerto Baquerizo Moreno,-0.9,-89.6,73.4,78,75,9.17,EC,1595536588
82,Inhambane,-23.86,35.38,64.4,77,4,11.32,MZ,1595536588
83,Aksu,41.12,80.26,75.56,32,52,3.09,CN,1595536588
84,Epinal,48.18,6.45,71.6,40,62,2.24,FR,1595536588
85,Sao Filipe,14.9,-24.5,77.7,87,100,8.16,CV,1595536548
86,Torbay,47.67,-52.73,73.99,53,75,10.29,CA,1595536589
87,Pareora,-44.49,171.21,35.01,40,0,4.68,NZ,1595536589
88,Thompson,55.74,-97.86,82.4,58,75,6.93,CA,1595536589
89,Tuktoyaktuk,69.45,-133.04,57.2,54,75,16.11,CA,1595536589
90,Neepawa,50.23,-99.47,78.8,69,75,20.8,CA,1595536589
91,Yaan,7.38,8.57,73.54,94,97,7.23,NG,1595536589
92,Sorong,-0.88,131.25,77.49,87,32,7.31,ID,1595536590
93,Buala,-8.14,159.59,81.86,80,92,10.58,SB,1595536392
94,Yulara,-25.24,130.99,39.2,69,0,5.82,AU,1595536590
95,Kruisfontein,-34.0,24.73,58.37,35,0,4.81,ZA,1595536590
96,El Alto,-4.27,-81.21,73.4,69,4,18.34,PE,1595536590
97,Praya,14.92,-23.51,82.4,74,75,5.82,CV,1595536590
98,Juneau,58.3,-134.42,57.2,82,75,12.75,US,1595536591
99,Caravelas,-17.71,-39.25,71.78,79,23,6.08,BR,1595536591
100,Coos Bay,43.37,-124.22,72.0,77,90,12.75,US,1595536591
101,Avera,33.19,-82.53,93.2,46,1,5.82,US,1595536591
102,Etchoropo,26.77,-109.67,96.01,45,0,14.0,MX,1595536592
103,Castro,-24.79,-50.01,62.29,73,0,3.98,BR,1595536545
104,Saint-Joseph,-21.37,55.62,64.99,77,75,17.22,RE,1595536592
105,Dingle,11.0,122.67,76.86,84,100,3.38,PH,1595536486
106,Shimoda,34.67,138.95,68.0,95,98,7.43,JP,1595536592
107,Kabala,9.58,-11.55,70.77,97,100,6.44,SL,1595536592
108,Turukhansk,65.82,87.98,53.22,72,86,6.91,RU,1595536593
109,Grand Gaube,-20.01,57.66,66.99,70,16,14.0,MU,1595536593
110,Husavik,66.04,-17.34,48.2,70,75,12.75,IS,1595536593
111,Lata,40.16,-8.33,73.99,65,0,5.99,PT,1595536392
112,Nouakchott,18.09,-15.98,80.6,78,40,6.93,MR,1595536593
113,Alice Springs,-23.7,133.88,37.4,74,0,5.82,AU,1595536593
114,Adrar,20.5,-10.07,100.78,17,39,7.09,MR,1595536360
115,Sioux Lookout,50.1,-91.92,82.4,34,20,8.05,CA,1595536549
116,Lagoa,39.05,-27.98,70.07,70,0,4.25,PT,1595536517
117,Salinopolis,-0.61,-47.36,79.99,84,79,11.97,BR,1595536563
118,Rock Springs,41.59,-109.2,77.0,29,1,10.29,US,1595536380
119,Teeli,51.03,90.23,53.89,76,2,1.19,RU,1595536594
120,Saint-Philippe,-21.36,55.77,64.4,77,75,17.22,RE,1595536368
121,Longyearbyen,78.22,15.64,48.2,87,75,5.82,SJ,1595536594
122,Olafsvik,64.89,-23.71,47.61,72,3,20.94,IS,1595536594
123,Acari,-15.43,-74.62,68.2,54,30,7.74,PE,1595536595
124,Hilo,19.73,-155.09,82.4,61,90,5.82,US,1595536493
125,Kizema,61.11,44.83,58.01,98,100,5.19,RU,1595536595
126,Lasa,46.62,10.7,62.6,59,75,6.93,IT,1595536410
127,Takoradi,4.88,-1.76,74.62,89,24,8.19,GH,1595536595
128,East London,-33.02,27.91,63.34,49,0,9.66,ZA,1595536411
129,Vestmanna,62.16,-7.17,50.0,93,97,6.93,FO,1595536595
130,Ostersund,63.18,14.64,46.4,87,100,23.04,SE,1595536595
131,Geraldton,-28.77,114.6,44.6,93,0,9.17,AU,1595536596
132,Tongzi,28.78,105.09,75.49,95,100,1.28,CN,1595536596
133,Svetlogorsk,52.63,29.73,52.09,94,73,6.17,BY,1595536596
134,Leningradskiy,69.38,178.42,47.17,67,57,13.4,RU,1595536596
135,Rosenberg,49.07,19.31,62.6,82,0,1.32,SK,1595536596
136,Hemnesberget,66.23,13.63,51.8,87,75,2.24,NO,1595536596
137,Laguna,38.42,-121.42,86.0,39,1,12.75,US,1595536579
138,Lichinga,-13.31,35.24,51.8,87,5,4.7,MZ,1595536597
139,Hermanus,-34.42,19.23,59.0,84,0,4.0,ZA,1595536521
140,Talas,38.69,35.55,68.0,56,0,11.41,TR,1595536597
141,Airai,-8.93,125.41,51.94,68,56,2.68,TL,1595536531
142,San Quintin,30.48,-115.95,70.27,62,0,12.68,MX,1595536597
143,Shetpe,44.17,52.12,74.68,34,0,3.15,KZ,1595536504
144,Pisco,-13.7,-76.22,70.0,64,0,16.11,PE,1595536597
145,Jaru,-10.44,-62.47,91.38,35,1,3.11,BR,1595536598
146,Loreto,22.27,-101.97,80.31,28,0,8.28,MX,1595536598
147,Kalmunai,7.42,81.82,78.76,82,31,13.35,LK,1595536598
148,Astana,51.18,71.45,64.4,88,100,6.71,KZ,1595536315
149,Maarianhamina,60.1,19.93,55.4,66,100,2.24,AX,1595536598
150,Severo-Yeniseyskiy,60.37,93.04,42.64,99,95,5.26,RU,1595536598
151,Celestun,20.87,-90.4,86.68,68,22,9.31,MX,1595536598
152,Grindavik,63.84,-22.43,51.8,71,20,23.04,IS,1595536598
153,Weymouth,42.22,-70.94,87.01,66,1,9.17,US,1595536376
154,Altay,47.87,88.12,58.69,59,63,3.47,CN,1595536599
155,Puerto Ayora,-0.74,-90.35,78.8,65,20,23.04,EC,1595536599
156,Rancho Palos Verdes,33.74,-118.39,72.0,68,40,11.41,US,1595536536
157,San Patricio,19.22,-104.7,84.2,100,75,8.34,MX,1595536412
158,Bafoulabe,13.81,-10.83,82.6,77,100,3.47,ML,1595536599
159,Yucaipa,34.03,-117.04,80.01,41,5,4.7,US,1595536362
160,Buena Vista,43.42,-83.9,78.8,61,40,9.17,US,1595536502
161,Arrifes,37.77,-25.7,69.8,68,40,5.82,PT,1595536600
162,Thinadhoo,0.53,72.93,82.8,69,95,4.23,MV,1595536600
163,Port Moresby,-9.44,147.18,75.2,94,75,11.41,PG,1595536600
164,Bengkulu,-3.8,102.27,75.02,88,100,3.98,ID,1595536358
165,Ulladulla,-35.35,150.47,46.99,100,2,6.93,AU,1595536600
166,Codrington,-38.27,141.97,38.35,90,100,9.75,AU,1595536600
167,Muskegon,43.3,-86.13,82.4,54,75,10.29,US,1595536601
168,Mount Gambier,-37.83,140.77,37.4,86,99,6.93,AU,1595536601
169,Ngunguru,-35.62,174.5,48.99,3,8,5.01,NZ,1595536601
170,Klaksvik,62.23,-6.59,50.0,93,94,6.93,FO,1595536601
171,Saskylakh,71.92,114.08,52.23,92,95,4.45,RU,1595536601
172,Cidreira,-30.18,-50.21,65.28,76,100,11.41,BR,1595536601
173,Nova Serrana,-19.88,-44.98,67.57,41,0,0.56,BR,1595536601
174,Peyima,8.7,-11.03,70.61,99,100,3.36,SL,1595536601
175,Karwar,14.8,74.13,79.52,86,100,5.03,IN,1595536602
176,Bac Lieu,9.29,105.72,80.58,80,100,5.3,VN,1595536602
177,Barrow,71.29,-156.79,42.8,93,90,13.87,US,1595536602
178,Ust-Nera,64.57,143.2,76.28,49,94,2.55,RU,1595536327
179,Shenjiamen,29.96,122.3,76.64,92,100,3.06,CN,1595536602
180,Karratha,-20.74,116.85,68.2,42,0,6.35,AU,1595536602
181,Lebu,-37.62,-73.65,47.37,64,35,6.2,CL,1595536602
182,Yarada,17.65,83.27,80.6,88,90,2.24,IN,1595536603
183,Dauphin,51.15,-100.05,82.4,69,1,11.41,CA,1595536603
184,Zemio,5.03,25.14,67.8,94,29,1.72,CF,1595536603
185,Fairbanks,64.84,-147.72,64.99,72,75,4.65,US,1595536383
186,Karpogory,64.0,44.45,60.58,93,100,8.66,RU,1595536603
187,Darnah,32.77,22.64,77.25,78,0,20.09,LY,1595536604
188,Marawi,8.0,124.29,75.0,91,71,5.01,PH,1595536342
189,Dikson,73.51,80.55,41.4,88,0,5.44,RU,1595536604
190,Iqaluit,63.75,-68.51,50.0,87,75,4.92,CA,1595536495
191,Rjukan,59.88,8.59,45.0,78,73,7.0,NO,1595536604
192,Tongchuan,35.08,109.09,63.77,89,100,5.61,CN,1595536604
193,Nioro,13.35,-15.75,79.99,79,78,9.06,GM,1595536605
194,Aquiraz,-3.9,-38.39,82.4,65,75,16.11,BR,1595536565
195,Gayny,60.31,54.32,58.59,85,48,6.53,RU,1595536386
196,Ca Mau,9.18,105.15,78.42,85,100,0.45,VN,1595536491
197,Svetlyy,54.67,20.13,53.6,87,20,6.71,RU,1595536605
198,Naze,28.37,129.48,82.4,88,40,9.17,JP,1595536605
199,Saldanha,-33.01,17.94,57.2,71,0,8.63,ZA,1595536545
200,Ilulissat,69.22,-51.1,53.6,62,75,3.36,GL,1595536606
201,Prince Rupert,54.32,-130.32,53.6,100,90,6.93,CA,1595536606
202,Bathsheba,13.22,-59.52,87.8,58,40,13.87,BB,1595536606
203,Tateyama,34.98,139.87,73.99,95,97,0.81,JP,1595536606
204,Arman,59.7,150.17,60.8,68,99,4.76,RU,1595536326
205,La Palma,33.85,-118.05,78.01,56,90,5.82,US,1595536607
206,Mitzic,0.78,11.55,67.93,92,69,3.02,GA,1595536607
207,Guerrero Negro,27.98,-114.06,74.88,53,2,16.44,MX,1595536607
208,Fort Nelson,58.81,-122.7,60.8,72,90,3.36,CA,1595536607
209,Pakxan,18.38,103.66,76.15,86,76,3.31,LA,1595536607
210,Ekhabi,53.51,142.97,51.73,82,26,2.86,RU,1595536608
211,Te Anau,-45.42,167.72,34.9,87,67,2.26,NZ,1595536532
212,Hasaki,35.73,140.83,69.8,100,75,2.24,JP,1595536348
213,Hithadhoo,-0.6,73.08,83.17,66,74,3.49,MV,1595536550
214,Samarai,-10.62,150.67,78.01,85,77,12.37,PG,1595536608
215,Faanui,-16.48,-151.75,77.56,81,1,18.5,PF,1595536545
216,Hofn,64.25,-15.21,49.41,73,97,9.42,IS,1595536551
217,Mahebourg,-20.41,57.7,64.4,77,75,18.34,MU,1595536609
218,Kuusamo,65.97,29.18,55.4,93,75,8.05,FI,1595536609
219,Asau,46.43,26.4,61.0,97,41,4.99,RO,1595536609
220,Manado,1.49,124.85,75.2,94,20,2.24,ID,1595536609
221,Kudat,6.88,116.85,75.2,100,20,2.24,MY,1595536609
222,Arraial Do Cabo,-22.97,-42.03,80.6,47,0,10.29,BR,1595536609
223,Tura,25.52,90.22,73.99,98,99,4.23,IN,1595536610
224,San Policarpo,12.18,125.51,82.45,76,100,3.71,PH,1595536610
225,Kampot,10.62,104.18,78.8,88,40,2.24,KH,1595536610
226,Goundam,16.41,-3.67,101.61,25,0,3.27,ML,1595536610
227,Kavieng,-2.57,150.8,82.85,74,41,6.89,PG,1595536340
228,Harper,4.38,-7.72,75.79,86,77,10.18,LR,1595536611
229,Haines Junction,60.75,-137.51,61.14,65,100,3.0,CA,1595536611
230,Grand-Santi,4.25,-54.38,78.22,93,100,4.0,GF,1595536611
231,Alofi,-19.06,-169.92,75.2,94,75,11.41,NU,1595536611
232,Bereznik,62.86,42.71,59.38,97,100,2.89,RU,1595536611
233,Truro,50.27,-5.05,64.0,100,80,12.75,GB,1595536611
234,San Cristobal,7.77,-72.22,82.4,51,75,9.17,VE,1595536611
235,Southbridge,42.08,-72.03,80.01,83,75,10.29,US,1595536612
236,Neuquen,-38.95,-68.06,41.0,75,75,9.17,AR,1595536473
237,Antalaha,-14.9,50.28,67.3,79,50,10.92,MG,1595536612
238,Tromso,69.65,18.96,46.4,93,75,4.7,NO,1595536612
239,Chokurdakh,70.63,147.92,70.2,56,47,4.76,RU,1595536612
240,Jumla,29.27,82.18,59.49,69,75,0.67,NP,1595536612
241,Nambucca Heads,-30.65,153.0,57.2,93,75,2.24,AU,1595536612
242,Atambua,-9.11,124.89,64.49,86,58,5.84,ID,1595536612
243,Farafangana,-22.82,47.83,65.41,75,89,13.31,MG,1595536613
244,Yabelo,4.88,38.08,59.34,88,55,3.6,ET,1595536613
245,Constitucion,-35.33,-72.42,51.19,75,33,3.49,CL,1595536344
246,Tigre,-34.43,-58.58,54.0,87,90,9.17,AR,1595536613
247,Waiouru,-39.48,175.67,36.12,93,45,11.1,NZ,1595536613
248,Srednekolymsk,67.45,153.68,78.19,38,95,7.34,RU,1595536428
249,Laukaa,58.74,29.85,49.19,90,49,4.14,RU,1595536613
250,Beringovskiy,63.05,179.32,51.06,70,90,4.21,RU,1595536314
251,Zapolyarnyy,69.42,30.81,55.4,93,0,11.41,RU,1595536399
252,Ballina,-28.87,153.57,59.0,93,90,4.7,AU,1595536614
253,Lerwick,60.15,-1.15,55.4,87,20,12.75,GB,1595536614
254,Srivardhan,18.03,73.02,81.16,82,100,2.46,IN,1595536614
255,Qaanaaq,77.48,-69.36,49.28,51,0,2.93,GL,1595536349
256,Tevaitoa,-16.78,-151.5,78.22,79,8,19.33,PF,1595536614
257,Sorland,67.67,12.69,50.0,93,75,12.75,NO,1595536335
258,Birobidzhan,48.8,132.95,62.98,97,100,4.83,RU,1595536614
259,Nikolskoye,59.7,30.79,55.99,76,20,6.71,RU,1595536615
260,Barcelona,41.39,2.16,80.6,74,0,3.36,ES,1595536409
261,Dukat,62.55,155.55,65.41,35,92,2.42,RU,1595536615
262,Mabaruma,8.2,-59.78,81.36,80,70,5.66,GY,1595536615
263,Christchurch,-43.53,172.63,28.4,86,0,3.36,NZ,1595536366
264,Rio Gallegos,-51.62,-69.22,32.0,90,99,2.24,AR,1595536616
265,Kodiak,57.79,-152.41,59.0,62,40,3.36,US,1595536616
266,Moundou,8.57,16.08,73.17,87,100,5.5,TD,1595536616
267,Pak Chong,14.71,101.42,74.53,88,100,1.19,TH,1595536616
268,Sungairaya,0.7,108.9,77.09,85,100,5.12,ID,1595536616
269,Portobelo,9.55,-79.65,77.0,94,40,5.82,PA,1595536616
270,Barbate,36.19,-5.92,71.01,54,0,4.5,ES,1595536616
271,Guanica,17.97,-66.91,88.0,61,20,8.99,PR,1595536502
272,Kousseri,12.08,15.03,73.4,94,20,2.24,CM,1595536449
273,Praia Da Vitoria,38.73,-27.07,71.6,64,20,3.91,PT,1595536617
274,Harkany,45.85,18.24,69.01,93,28,4.7,HU,1595536617
275,Fortuna,40.6,-124.16,66.99,77,40,14.99,US,1595536405
276,Jiuquan,39.74,98.52,73.15,41,100,15.14,CN,1595536617
277,Monroe,43.15,-77.68,82.0,65,40,14.99,US,1595536617
278,Samastipur,25.85,85.78,80.53,87,100,10.67,IN,1595536618
279,Mildura,-34.2,142.15,37.4,86,76,6.93,AU,1595536618
280,Boa Vista,2.82,-60.67,87.8,58,40,3.36,BR,1595536547
281,Huilong,31.81,121.66,80.01,82,80,3.0,CN,1595536618
282,Sukhumi,43.0,41.02,70.84,82,21,3.91,GE,1595536618
283,Mayo,38.89,-76.51,91.99,74,20,7.4,US,1595536618
284,Karacakoy,41.4,28.38,77.0,83,40,13.87,TR,1595536618
285,Hof,50.32,11.92,64.0,76,85,3.56,DE,1595536619
286,Luanda,-8.84,13.23,71.6,78,20,5.82,AO,1595536619
287,Georgetown,5.41,100.34,80.6,88,20,5.75,MY,1595536619
288,Trincomalee,8.57,81.23,81.52,74,100,13.94,LK,1595536619
289,Laela,-8.57,32.05,54.25,69,0,5.79,TZ,1595536619
290,Walvis Bay,-22.96,14.51,73.4,15,0,9.17,NA,1595536619
291,Havre-Saint-Pierre,50.23,-63.6,71.6,56,1,11.41,CA,1595536569
292,Golyshmanovo,56.4,68.37,53.13,72,1,10.89,RU,1595536619
293,Lebedinyy,58.52,125.52,57.25,91,100,5.61,RU,1595536619
294,Kirakira,-10.45,161.92,81.28,82,65,13.38,SB,1595536620
295,Sobolevo,54.43,31.9,49.44,90,0,7.14,RU,1595536620
296,San Jose,37.34,-121.89,82.0,41,1,3.36,US,1595536370
297,Strezhevoy,60.73,77.59,53.6,81,5,4.47,RU,1595536620
298,Coquimbo,-29.95,-71.34,55.4,54,77,11.41,CL,1595536354
299,Labytnangi,66.66,66.42,49.3,74,59,5.32,RU,1595536620
300,Buncrana,55.13,-7.45,60.8,77,75,9.17,IE,1595536620
301,Matara,5.95,80.54,78.15,86,94,10.47,LK,1595536621
302,Blankenberge,51.31,3.13,64.99,59,100,9.17,BE,1595536621
303,Kavaratti,10.57,72.64,81.52,83,100,16.06,IN,1595536427
304,Hamilton,39.18,-84.53,87.01,74,75,9.17,US,1595536541
305,Solnechnyy,50.72,136.63,59.22,88,47,5.77,RU,1595536542
306,Cabo San Lucas,22.89,-109.91,91.4,61,5,17.22,MX,1595536448
307,Khash,28.22,61.22,70.56,44,0,1.86,IR,1595536621
308,Houston,29.76,-95.36,95.0,49,1,8.05,US,1595536557
309,Cap Malheureux,-19.98,57.61,66.99,70,15,14.0,MU,1595536622
310,White Plains,41.03,-73.76,91.0,62,75,4.7,US,1595536453
311,Hualmay,-11.1,-77.61,65.53,74,32,10.78,PE,1595536622
312,Pingliang,35.54,106.69,64.78,90,100,0.76,CN,1595536622
313,Akdepe,42.06,59.38,73.4,64,10,4.7,TM,1595536420
314,Tamala,52.54,43.25,54.03,91,14,5.66,RU,1595536623
315,Kalianget,-7.05,113.93,78.21,74,100,11.88,ID,1595536623
316,Vila Franca Do Campo,37.72,-25.43,69.8,68,40,5.82,PT,1595536352
317,Poum,-20.23,164.02,72.0,77,0,15.14,NC,1595536623
318,Koundara,12.48,-13.3,79.34,84,100,1.74,GN,1595536623
319,Tautira,-17.73,-149.15,80.6,69,40,3.36,PF,1595536424
320,Outjo,-20.12,16.15,53.02,38,0,11.07,NA,1595536624
321,Nanortalik,60.14,-45.24,46.69,91,100,10.49,GL,1595536624
322,Ayagoz,47.97,80.44,64.2,38,26,7.36,KZ,1595536624
323,Bastia,42.67,9.33,79.0,88,0,2.24,FR,1595536624
324,Jawhar,2.78,45.5,74.73,69,91,16.04,SO,1595536624
325,Tebingtinggi,3.33,99.16,75.2,100,40,3.36,ID,1595536624
326,Mount Isa,-20.73,139.5,48.2,66,0,10.94,AU,1595536624
327,Amparafaravola,-17.58,48.22,54.64,85,29,9.01,MG,1595536624
328,Nemuro,43.32,145.57,58.87,97,100,8.16,JP,1595536625
329,Tripoli,32.88,13.19,77.07,73,0,4.68,LY,1595536489
330,Vestmannaeyjar,63.44,-20.27,50.72,86,37,16.37,IS,1595536625
331,Gulabpura,25.9,74.67,83.5,69,87,7.02,IN,1595536625
332,Angoche,-16.23,39.91,68.18,84,15,5.1,MZ,1595536625
333,Chachapoyas,-6.23,-77.87,64.06,71,58,1.81,PE,1595536625
334,Najran,17.49,44.13,89.6,33,40,16.11,SA,1595536626
335,Ribe,55.33,8.77,59.0,93,100,8.05,DK,1595536626
336,Tatawin,32.93,10.45,84.2,30,0,6.93,TN,1595536626
337,Luwuk,-0.95,122.79,76.17,80,95,6.82,ID,1595536626
338,Bilibino,68.05,166.44,73.33,39,0,4.92,RU,1595536626
339,Sumbe,-11.21,13.84,69.69,89,0,7.7,AO,1595536626
340,Soyo,-6.13,12.37,71.73,82,0,8.12,AO,1595536626
341,Sartell,45.62,-94.21,78.01,60,1,10.29,US,1595536627
342,San Rafael,-34.62,-68.33,43.23,57,0,9.57,AR,1595536465
343,Provideniya,64.38,-173.3,50.0,76,90,6.71,RU,1595536523
344,Zastron,-30.3,27.08,39.13,54,0,1.63,ZA,1595536627
345,Egvekinot,66.32,-179.17,59.43,54,59,2.64,RU,1595536627
346,Khunti,23.08,85.28,73.85,93,100,3.47,IN,1595536627
347,Cairns,-16.92,145.77,66.2,88,90,9.17,AU,1595536627
348,Kiama,-34.68,150.87,46.99,93,81,4.83,AU,1595536628
349,Roald,62.58,6.13,53.01,76,20,19.46,NO,1595536628
350,Jalu,29.03,21.55,79.07,51,0,20.54,LY,1595536628
351,Lompoc,34.64,-120.46,71.6,56,0,4.7,US,1595536494
352,Petropavlovsk-Kamchatskiy,53.05,158.65,55.4,100,75,4.47,RU,1595536628
353,Glenwood Springs,39.55,-107.32,80.6,32,1,6.93,US,1595536611
354,Broome,42.25,-75.83,73.99,83,90,5.82,US,1595536533
355,Mar Del Plata,-38.0,-57.56,55.99,100,90,9.17,AR,1595536629
356,Tokur,53.13,132.9,51.69,92,27,2.19,RU,1595536629
357,Sevsk,52.15,34.49,55.02,78,97,3.42,RU,1595536629
358,High Rock,26.62,-78.28,87.8,74,75,14.99,BS,1595536629
359,Sept-Iles,50.2,-66.38,71.6,53,75,8.05,CA,1595536555
360,Yar-Sale,66.83,70.83,47.71,75,84,8.79,RU,1595536539
361,Vitim,59.45,112.56,60.21,88,88,2.66,RU,1595536629
362,Willmar,45.12,-95.04,82.4,58,3,14.99,US,1595536619
363,Labuhan,-6.88,112.21,75.31,83,99,7.83,ID,1595536629
364,Grand Forks,47.93,-97.03,80.6,61,75,17.22,US,1595536426
365,Dharchula,29.85,80.53,65.61,71,0,1.72,IN,1595536630
366,Los Llanos De Aridane,28.66,-17.92,71.6,78,20,16.11,ES,1595536561
367,Russell,32.35,-85.2,93.2,52,20,6.93,US,1595536630
368,Kumluca,36.37,30.29,84.43,40,0,5.28,TR,1595536630
369,Clyde River,70.47,-68.59,48.2,61,75,9.17,CA,1595536630
370,Kloulklubed,7.04,134.26,77.0,88,40,3.65,PW,1595536631
371,Tarragona,41.13,1.25,80.01,73,0,1.12,ES,1595536631
372,Santa Cruz,-17.8,-63.17,82.4,61,40,16.11,BO,1595536403
373,Karaton,-6.34,106.1,78.8,83,20,2.24,ID,1595536631
374,Puerto Del Rosario,28.5,-13.86,73.4,88,20,17.22,ES,1595536631
375,Panzhihua,26.59,101.71,72.21,80,100,1.57,CN,1595536631
376,Maragogi,-9.01,-35.22,74.17,79,11,9.1,BR,1595536585
377,Manvi,15.98,77.05,77.63,80,100,6.06,IN,1595536632
378,Baker City,44.77,-117.83,77.0,36,1,3.36,US,1595536632
379,Palmer,42.16,-72.33,79.0,88,75,3.36,US,1595536553
380,Emba,48.83,58.14,71.38,58,37,4.99,KZ,1595536632
381,Tonekabon,36.82,50.87,78.8,74,90,2.24,IR,1595536632
382,Voyvozh,62.89,54.96,60.44,55,59,8.88,RU,1595536632
383,Timbiqui,2.77,-77.67,79.0,86,74,8.57,CO,1595536632
384,Krasnyy Chikoy,50.36,108.75,60.04,89,96,2.46,RU,1595536633
385,Maiduguri,11.85,13.16,83.12,65,77,9.19,NG,1595536633
386,Vila,42.03,-8.16,75.2,57,6,5.82,PT,1595536486
387,Gweta,-20.18,25.23,55.62,58,0,16.37,BW,1595536633
388,Baghdad,33.34,44.4,93.2,23,0,1.12,IQ,1595536567
389,Narsaq,60.92,-46.05,57.2,71,75,11.41,GL,1595536633
390,Saint-Augustin,51.23,-58.65,71.17,47,9,12.55,CA,1595536542
391,Cochrane,51.18,-114.47,77.0,82,90,13.87,CA,1595536444
392,Batemans Bay,-35.72,150.18,42.01,92,1,1.99,AU,1595536439
393,Bahia Blanca,-38.72,-62.27,45.43,91,100,18.77,AR,1595536568
394,Morros,-9.45,-46.3,82.13,40,100,6.58,BR,1595536634
395,Dubbo,-32.25,148.62,37.4,93,0,13.87,AU,1595536634
396,Pemangkat,1.17,108.97,75.99,90,100,6.38,ID,1595536634
397,Monchegorsk,67.94,32.87,57.25,85,30,8.21,RU,1595536634
398,Viedma,-40.81,-63.0,45.0,94,100,11.01,AR,1595536433
399,Webuye,0.61,34.77,57.2,87,71,2.24,KE,1595536634
400,Idlib,35.93,36.63,82.4,69,0,19.46,SY,1595536634
401,Karoi,-16.81,29.69,48.83,76,27,6.26,ZW,1595536635
402,San Juan,-31.54,-68.54,45.27,54,31,3.91,AR,1595536537
403,Burriana,39.89,-0.09,80.01,47,0,3.04,ES,1595536635
404,Progreso,21.28,-89.67,99.0,49,75,6.93,MX,1595536635
405,Bitung,1.45,125.18,75.2,94,20,2.24,ID,1595536635
406,Meulaboh,4.14,96.13,75.51,89,100,3.06,ID,1595536635
407,Severo-Kurilsk,50.68,156.12,49.37,91,100,2.68,RU,1595536635
408,Saint-Pierre,-21.34,55.48,64.99,77,75,17.22,RE,1595536636
409,Biak,-0.91,122.88,75.67,83,91,7.85,ID,1595536636
410,Stokmarknes,68.56,14.91,50.0,87,75,12.75,NO,1595536636
411,Nabire,-3.37,135.48,74.66,86,21,3.98,ID,1595536355
412,Maceio,-9.67,-35.74,78.8,65,20,10.29,BR,1595536358
413,West Bay,19.37,-81.42,86.0,84,40,4.7,KY,1595536636
414,Vaitape,-16.52,-151.75,78.4,79,1,18.54,PF,1595536636
415,Mundo Nuevo,18.7,-95.5,85.44,71,0,8.77,MX,1595536636
416,Nouadhibou,20.93,-17.03,73.4,78,19,12.75,MR,1595536636
417,Vegreville,53.5,-112.05,70.39,77,99,4.45,CA,1595536637
418,Gisborne,-38.65,178.0,46.0,72,31,1.99,NZ,1595536637
419,Dwarka,22.24,68.97,84.69,79,70,15.46,IN,1595536637
420,Xichang,27.9,102.26,66.42,80,100,1.01,CN,1595536637
421,Dzerzhinskoye,56.83,95.23,52.95,92,98,2.57,RU,1595536637
422,Baculin,7.45,126.58,78.53,78,83,4.16,PH,1595536637
423,Sinnamary,5.38,-52.95,81.07,78,82,8.23,GF,1595536637
424,Sokolo,14.73,-6.12,96.46,33,81,7.61,ML,1595536638
425,Ust-Tsilma,65.44,52.15,68.86,62,100,5.3,RU,1595536638
426,Inta,66.03,60.17,55.81,64,0,11.92,RU,1595536638
427,Shelburne,44.08,-80.2,77.0,64,1,10.29,CA,1595536638
428,Nyanguge,-2.55,33.2,71.6,73,20,5.82,TZ,1595536638
429,Gonzalez,30.58,-87.29,90.0,74,75,16.11,US,1595536638
430,Imeni Karla Libknekhta,51.62,35.48,57.2,67,100,4.47,RU,1595536638
431,Kafanchan,9.58,8.3,69.33,97,98,2.37,NG,1595536639
432,Escanaba,45.75,-87.06,75.99,60,1,6.93,US,1595536639
433,Esperance,-33.87,121.9,46.4,87,40,6.93,AU,1595536639
434,Sisimiut,66.94,-53.67,52.18,73,64,8.16,GL,1595536639
435,Kununurra,-15.77,128.73,51.8,44,0,9.28,AU,1595536639
436,Carutapera,-1.2,-46.02,79.11,81,12,7.34,BR,1595536639
437,Tabuk,17.42,121.44,73.36,83,89,1.63,PH,1595536639
438,Playas,-2.63,-80.38,73.6,77,35,14.25,EC,1595536640
439,Ponta Do Sol,32.67,-17.1,68.0,89,0,1.01,PT,1595536640
440,Madinat Sittah Uktubar,29.82,31.05,84.2,70,0,10.29,EG,1595536640
441,Elizabeth City,36.29,-76.25,93.2,56,75,8.05,US,1595536640
442,Erdenet,49.03,104.08,52.95,90,99,1.45,MN,1595536640
443,Hongjiang,27.11,110.0,76.75,81,27,2.98,CN,1595536640
444,Puerto Ayacucho,5.66,-67.62,87.8,55,40,6.93,VE,1595536640
445,Verkhnevilyuysk,63.45,120.32,61.5,83,11,3.27,RU,1595536641
446,Farsund,58.09,6.8,60.01,91,100,6.08,NO,1595536641
447,Khani,41.96,42.96,73.4,83,77,5.82,GE,1595536641
448,Buri,-23.8,-48.59,66.94,59,0,3.06,BR,1595536641
449,Coruripe,-10.13,-36.18,73.58,78,84,8.19,BR,1595536349
450,Kenai,60.55,-151.26,64.4,55,1,6.93,US,1595536641
451,Batticaloa,7.71,81.69,79.39,84,80,6.64,LK,1595536641
452,Fayaoue,-20.65,166.53,72.36,81,38,19.95,NC,1595536641
453,Candido De Abreu,-24.57,-51.33,67.53,66,31,1.14,BR,1595536641
454,Sao Joao Da Barra,-21.64,-41.05,77.0,61,0,13.87,BR,1595536642
455,Sur,22.57,59.53,84.56,70,67,18.54,OM,1595536642
456,Ancud,-41.87,-73.82,48.2,57,0,5.82,CL,1595536642
457,Menongue,-14.66,17.69,49.77,48,0,4.52,AO,1595536642
458,Skibbereen,51.55,-9.27,66.2,68,40,9.17,IE,1595536642
459,Lubango,-14.92,13.49,55.35,37,0,4.38,AO,1595536642
460,Ixtapa,20.7,-105.2,88.0,74,75,11.41,MX,1595536528
461,Kahului,20.89,-156.47,87.8,48,20,19.46,US,1595536529
462,Gornopravdinsk,60.05,69.9,53.58,79,99,3.22,RU,1595536643
463,Singaparna,-7.35,108.11,68.11,88,95,1.28,ID,1595536643
464,Tongren,27.72,109.19,75.52,87,98,1.95,CN,1595536643
465,Krasnoselkup,65.7,82.47,46.81,76,33,13.89,RU,1595536643
466,Namwala,-15.75,26.44,52.0,65,57,5.12,ZM,1595536643
467,Pointe Michel,15.25,-61.38,89.6,52,20,9.17,DM,1595536643
468,Matay,28.42,30.78,83.73,46,0,14.14,EG,1595536644
469,Talnakh,69.49,88.4,44.6,81,100,26.84,RU,1595536385
470,Kamiiso,41.82,140.65,69.17,92,98,0.94,JP,1595536644
471,Ucluelet,48.93,-125.55,61.0,82,75,4.7,CA,1595536373
472,Kalaiya,27.03,85.0,78.06,91,100,5.17,NP,1595536644
473,High Level,58.52,-117.14,66.2,63,75,2.24,CA,1595536644
474,Nelson Bay,-32.72,152.15,43.0,100,90,5.82,AU,1595536644
475,Beira,-19.84,34.84,66.2,88,75,10.29,MZ,1595536645
476,Amazar,53.86,120.88,65.28,93,100,3.8,RU,1595536645
477,Pangkalanbuun,-2.68,111.62,73.44,97,90,1.83,ID,1595536645
478,Lorengau,-2.02,147.27,82.62,77,39,7.63,PG,1595536645
479,Komsomolskiy,40.43,71.72,80.6,34,18,6.93,UZ,1595536645
480,El Sauzal,31.9,-116.68,73.0,68,0,4.0,MX,1595536645
481,Vyshhorod,50.58,30.49,68.0,42,100,4.47,UA,1595536645
482,Wukari,7.85,9.78,75.31,89,74,6.38,NG,1595536645
483,Kailua,21.4,-157.74,82.4,61,40,12.75,US,1595536488
484,Stilfontein,-26.84,26.77,48.61,42,0,2.26,ZA,1595536646
485,Cabo Rojo,18.09,-67.15,87.01,69,45,1.01,PR,1595536646
486,Cabedelo,-6.98,-34.83,78.8,74,20,12.75,BR,1595536646
487,Nikki,9.94,3.21,72.97,94,99,4.05,BJ,1595536646
488,Marrakesh,31.63,-8.01,91.4,36,20,9.17,MA,1595536646
489,Nantucket,41.28,-70.1,77.0,83,40,13.87,US,1595536478
490,Chulman,56.85,124.91,57.25,90,100,5.7,RU,1595536385
491,Koslan,63.46,48.9,61.03,78,100,4.88,RU,1595536646
492,Graciano Sanchez,23.92,-99.28,96.8,28,40,2.24,MX,1595536647
493,Bin Qirdan,33.14,11.22,75.52,68,0,8.46,TN,1595536647
494,Aklavik,68.22,-135.01,60.8,51,20,10.29,CA,1595536524
495,Oranjemund,-28.55,16.43,72.5,21,0,10.22,NA,1595536647
496,Bud,39.45,-86.18,86.0,62,25,8.46,US,1595536647
497,Otjiwarongo,-20.46,16.65,52.25,39,0,12.66,NA,1595536647
498,Bonnyville,54.27,-110.73,75.2,60,75,8.05,CA,1595536647
499,Kaputa,-8.47,29.66,66.24,50,0,3.42,ZM,1595536648
500,Sakaraha,-22.9,44.53,59.22,69,0,7.61,MG,1595536648
501,Buchanan,5.88,-10.05,76.46,86,99,10.6,LR,1595536648
502,Rohtak,28.9,76.57,84.2,83,40,4.7,IN,1595536648
503,Chibombo,-14.66,28.07,50.25,58,0,7.07,ZM,1595536648
504,Kozhevnikovo,56.26,83.97,53.01,80,73,4.76,RU,1595536648
505,Abu Dhabi,24.47,54.37,91.4,70,0,8.05,AE,1595536649
506,Tiznit,29.58,-9.5,82.18,36,0,0.94,MA,1595536649
507,Nome,64.5,-165.41,46.4,93,90,9.17,US,1595536574
508,Tazovskiy,67.47,78.7,43.43,81,0,13.15,RU,1595536459
509,Uige,-7.61,15.06,67.24,45,0,2.08,AO,1595536649
510,Kato Khorion,35.05,25.78,82.0,46,0,15.99,GR,1595536649
511,Barranca,-10.75,-77.77,64.33,77,54,10.98,PE,1595536649
512,Latung,5.5,120.88,83.7,70,98,6.44,PH,1595536650
513,Ilo,-17.64,-71.34,61.77,74,41,10.29,PE,1595536650
514,Altamira,-3.2,-52.21,87.8,58,40,3.36,BR,1595536607
515,Leshukonskoye,64.9,45.76,60.98,88,90,7.45,RU,1595536650
516,Acapulco,16.86,-99.89,87.8,70,40,6.93,MX,1595536513
517,Panaba,21.28,-88.27,91.11,60,85,6.87,MX,1595536650
518,Gaoyou,32.79,119.43,73.99,98,99,11.45,CN,1595536650
519,Half Moon Bay,37.46,-122.43,73.99,60,5,13.87,US,1595536535
520,Aksarka,66.56,67.8,47.16,77,27,4.03,RU,1595536650
521,Peterhead,57.51,-1.8,59.0,82,90,9.17,GB,1595536651
522,Laguna De Perlas,12.34,-83.67,86.0,79,75,6.93,NI,1595536651
523,Kholmogory,64.22,41.66,64.4,88,75,4.47,RU,1595536651
524,Buenos Aires,-34.61,-58.38,54.0,93,75,5.82,AR,1595536454
525,Taksimo,56.34,114.88,59.31,86,100,1.99,RU,1595536651
526,Xai-Xai,-25.05,33.64,64.8,84,73,7.02,MZ,1595536651
527,Kismayo,-0.36,42.55,76.73,72,31,21.83,SO,1595536533
528,Vostok,46.49,135.88,59.88,98,96,1.45,RU,1595536651
529,Monterey,36.25,-121.25,84.0,52,0,3.65,US,1595536652
530,Harnosand,62.63,17.94,52.0,87,100,14.99,SE,1595536652
531,Mishelevka,52.86,103.17,55.06,93,0,4.38,RU,1595536652
532,Teya,60.38,92.63,45.41,92,98,4.81,RU,1595536538
533,Umm Kaddadah,13.6,26.69,88.18,42,42,20.27,SD,1595536652
534,Namibe,-15.2,12.15,67.68,76,1,5.08,AO,1595536652
535,Kawalu,-7.38,108.21,68.79,90,93,1.25,ID,1595536652
536,Nenjiang,49.18,125.22,69.82,82,71,5.26,CN,1595536652
537,Itarema,-2.92,-39.92,79.97,69,65,16.84,BR,1595536489
538,Teshie,5.58,-0.11,77.0,94,75,12.75,GH,1595536653
539,Margate,51.38,1.39,66.0,52,67,1.99,GB,1595536653
540,Xinxiang,35.31,113.87,75.31,59,100,0.92,CN,1595536653
541,Salvador,13.83,-88.92,87.8,58,40,6.93,SV,1595536653
542,Calabozo,8.92,-67.43,83.32,76,6,6.4,VE,1595536653
543,Launceston,-41.45,147.17,34.0,100,75,3.36,AU,1595536423
544,Imbituba,-28.24,-48.67,75.2,53,44,10.29,BR,1595536653
545,Mitsamiouli,-11.38,43.28,75.79,59,5,8.12,KM,1595536654
546,Havelock,34.88,-76.9,90.0,70,17,4.0,US,1595536450
547,Kostyantynivka,48.53,37.71,59.41,61,2,3.62,UA,1595536654
548,Kibala,9.11,18.35,72.28,92,100,4.36,TD,1595536654
549,Porto Murtinho,-21.7,-57.88,86.86,26,0,5.14,BR,1595536654
550,Port Hedland,-20.32,118.57,59.0,82,0,8.05,AU,1595536526
551,Vanimo,-2.67,141.3,78.21,80,25,5.41,PG,1595536654
552,Whitecourt,54.15,-115.69,62.6,82,90,12.75,CA,1595536654
553,Santa Isabel Do Rio Negro,-0.41,-65.02,82.0,90,95,2.24,BR,1595536655
554,Zaysan,47.47,84.87,63.5,55,0,5.39,KZ,1595536655
555,Naqadeh,36.96,45.39,72.84,58,0,6.44,IR,1595536655
556,Tagusao,9.19,117.81,80.04,77,100,4.52,PH,1595536532
557,Kabwe,-14.45,28.45,50.97,59,0,7.74,ZM,1595536655
558,Ginir,7.13,40.7,58.64,91,48,3.91,ET,1595536468
559,Sitka,57.05,-135.33,57.2,87,75,5.82,US,1595536655
560,Sulangan,11.14,123.72,84.31,72,100,6.73,PH,1595536655
561,San Andres,12.58,-81.7,87.8,70,75,12.75,CO,1595536609
562,Kosikha,53.36,84.58,57.2,87,75,6.71,RU,1595536656
563,Rutland,43.62,-73.02,70.0,100,90,8.05,US,1595536656
564,Edson,53.58,-116.44,62.6,67,90,8.05,CA,1595536596
565,Mandalgovi,45.76,106.27,71.53,50,97,5.59,MN,1595536656
566,Santander Jimenez,24.22,-98.47,98.98,35,20,16.17,MX,1595536656
567,Morant Bay,17.88,-76.41,80.6,74,75,19.46,JM,1595536656
568,Falkensee,52.57,13.08,62.6,55,10,1.12,DE,1595536657
569,Nakskov,54.84,11.13,64.99,87,100,1.01,DK,1595536657
